year,exporter,importer,hs6,trade_value,distance,pci,gdp_ex,pop_ex,internet_ex,gdp_im,pop_im,internet_im,tariff,legal_ex,legal_im,same_legal,ln_trade_value,log_distance,ln_gdp_ex,ln_gdp_im,ln_pop_ex,ln_pop_im
2018,THA,BHR,020714,1541979.7,5382,0.823,506754208404.485,71376079.0,56.8175,39567978723.4043,1503091.0,98.6447,0.062435616638630745,uk,uk,1,14.248578316814372,8.590815331286851,26.951291926939618,24.401286010003034,18.083473343164187,14.223034212477819
2018,THA,BHR,160100,0.0,5382,-0.231,506754208404.485,71376079.0,56.8175,39567978723.4043,1503091.0,98.6447,0.14310000289738825,uk,uk,1,0.0,8.590815331286851,26.951291926939618,24.401286010003034,18.083473343164187,14.223034212477819
2018,THA,BHR,160232,498786.59,5382,0.287,506754208404.485,71376079.0,56.8175,39567978723.4043,1503091.0,98.6447,0.1124791518535967,uk,uk,1,13.119935612767206,8.590815331286851,26.951291926939618,24.401286010003034,18.083473343164187,14.223034212477819
2018,THA,BHR,040210,0.0,5382,-0.534,506754208404.485,71376079.0,56.8175,39567978723.4043,1503091.0,98.6447,0.09381218778758511,uk,uk,1,0.0,8.590815331286851,26.951291926939618,24.401286010003034,18.083473343164187,14.223034212477819
2018,THA,BHR,190531,1784.46,5382,-0.298,506754208404.485,71376079.0,56.8175,39567978723.4043,1503091.0,98.6447,0.031842609661941114,uk,uk,1,7.487431364095237,8.590815331286851,26.951291926939618,24.401286010003034,18.083473343164187,14.223034212477819
2018,THA,BHR,200599,269930.4835,5382,0.145,506754208404.485,71376079.0,56.8175,39567978723.4043,1503091.0,98.6447,0.03183923284706837,uk,uk,1,12.505923440961958,8.590815331286851,26.951291926939618,24.401286010003034,18.083473343164187,14.223034212477819
2018,THA,BHR,210390,945687.78,5382,0.421,506754208404.485,71376079.0,56.8175,39567978723.4043,1503091.0,98.6447,0.018131705703547923,uk,uk,1,13.759668808705667,8.590815331286851,26.951291926939618,24.401286010003034,18.083473343164187,14.223034212477819
2018,THA,BHR,210690,1557727.7650000001,5382,0.198,506754208404.485,71376079.0,56.8175,39567978723.4043,1503091.0,98.6447,0.1312646604084909,uk,uk,1,14.258739398472757,8.590815331286851,26.951291926939618,24.401286010003034,18.083473343164187,14.223034212477819
2018,THA,KWT,020714,4264527.49,5666,0.823,506754208404.485,71376079.0,56.8175,138646316350.727,4323515.0,99.5988,0.09415610164404922,uk,fr,0,15.265842179455296,8.642238680390461,26.951291926939618,25.655192040683588,18.083473343164187,15.27957928678796
2018,THA,KWT,160100,0.0,5666,-0.231,506754208404.485,71376079.0,56.8175,138646316350.727,4323515.0,99.5988,0.10913016089144637,uk,fr,0,0.0,8.642238680390461,26.951291926939618,25.655192040683588,18.083473343164187,15.27957928678796
2018,THA,KWT,160232,53996.83,5666,0.287,506754208404.485,71376079.0,56.8175,138646316350.727,4323515.0,99.5988,0.012881829201412343,uk,fr,0,10.89669913955378,8.642238680390461,26.951291926939618,25.655192040683588,18.083473343164187,15.27957928678796
2018,THA,KWT,040210,0.0,5666,-0.534,506754208404.485,71376079.0,56.8175,138646316350.727,4323515.0,99.5988,0.14578737930267918,uk,fr,0,0.0,8.642238680390461,26.951291926939618,25.655192040683588,18.083473343164187,15.27957928678796
2018,THA,KWT,190531,22685.09,5666,-0.298,506754208404.485,71376079.0,56.8175,138646316350.727,4323515.0,99.5988,0.12654196971205903,uk,fr,0,10.029507240315562,8.642238680390461,26.951291926939618,25.655192040683588,18.083473343164187,15.27957928678796
2018,THA,KWT,200599,269930.4835,5666,0.145,506754208404.485,71376079.0,56.8175,138646316350.727,4323515.0,99.5988,0.039727475494958656,uk,fr,0,12.505923440961958,8.642238680390461,26.951291926939618,25.655192040683588,18.083473343164187,15.27957928678796
2018,THA,KWT,210390,779936.58,5666,0.421,506754208404.485,71376079.0,56.8175,138646316350.727,4323515.0,99.5988,0.035455495408994085,uk,fr,0,13.566969169822526,8.642238680390461,26.951291926939618,25.655192040683588,18.083473343164187,15.27957928678796
2018,THA,KWT,210690,1557727.7650000001,5666,0.198,506754208404.485,71376079.0,56.8175,138646316350.727,4323515.0,99.5988,0.03567663137948073,uk,fr,0,14.258739398472757,8.642238680390461,26.951291926939618,25.655192040683588,18.083473343164187,15.27957928678796
2018,THA,OMN,020714,2229250.25,4666,0.823,506754208404.485,71376079.0,56.8175,91505851755.5267,4597877.0,85.5,0.052593914014335275,uk,uk,1,14.61717632472367,8.448057452581375,26.951291926939618,25.239668760795254,18.083473343164187,15.341105233186255
2018,THA,OMN,160100,0.0,4666,-0.231,506754208404.485,71376079.0,56.8175,91505851755.5267,4597877.0,85.5,0.08346590042851329,uk,uk,1,0.0,8.448057452581375,26.951291926939618,25.239668760795254,18.083473343164187,15.341105233186255
2018,THA,OMN,160232,284375.64,4666,0.287,506754208404.485,71376079.0,56.8175,91505851755.5267,4597877.0,85.5,0.0704723026098962,uk,uk,1,12.55805483570369,8.448057452581375,26.951291926939618,25.239668760795254,18.083473343164187,15.341105233186255
2018,THA,OMN,040210,0.0,4666,-0.534,506754208404.485,71376079.0,56.8175,91505851755.5267,4597877.0,85.5,0.05077207962772586,uk,uk,1,0.0,8.448057452581375,26.951291926939618,25.239668760795254,18.083473343164187,15.341105233186255
2018,THA,OMN,190531,0.0,4666,-0.298,506754208404.485,71376079.0,56.8175,91505851755.5267,4597877.0,85.5,0.09565940526113312,uk,uk,1,0.0,8.448057452581375,26.951291926939618,25.239668760795254,18.083473343164187,15.341105233186255
2018,THA,OMN,200599,269930.4835,4666,0.145,506754208404.485,71376079.0,56.8175,91505851755.5267,4597877.0,85.5,0.029529140491285855,uk,uk,1,12.505923440961958,8.448057452581375,26.951291926939618,25.239668760795254,18.083473343164187,15.341105233186255
2018,THA,OMN,210390,162094.76,4666,0.421,506754208404.485,71376079.0,56.8175,91505851755.5267,4597877.0,85.5,0.05090025079493054,uk,uk,1,11.995942550688277,8.448057452581375,26.951291926939618,25.239668760795254,18.083473343164187,15.341105233186255
2018,THA,OMN,210690,1557727.7650000001,4666,0.198,506754208404.485,71376079.0,56.8175,91505851755.5267,4597877.0,85.5,0.06129065806111683,uk,uk,1,14.258739398472757,8.448057452581375,26.951291926939618,25.239668760795254,18.083473343164187,15.341105233186255
2018,THA,QAT,020714,3422777.68,5288,0.823,506754208404.485,71376079.0,56.8175,183335164835.165,2580734.0,99.6528,0.07384979779038503,uk,fr,0,15.045963258688127,8.573195381531523,26.951291926939618,25.93458181646491,18.083473343164187,14.763584412560483
2018,THA,QAT,160100,0.0,5288,-0.231,506754208404.485,71376079.0,56.8175,183335164835.165,2580734.0,99.6528,0.1199246345950219,uk,fr,0,0.0,8.573195381531523,26.951291926939618,25.93458181646491,18.083473343164187,14.763584412560483
2018,THA,QAT,160232,1850233.62,5288,0.287,506754208404.485,71376079.0,56.8175,183335164835.165,2580734.0,99.6528,0.03795432950217036,uk,fr,0,14.430823010634947,8.573195381531523,26.951291926939618,25.93458181646491,18.083473343164187,14.763584412560483
2018,THA,QAT,040210,0.0,5288,-0.534,506754208404.485,71376079.0,56.8175,183335164835.165,2580734.0,99.6528,0.08199282137790562,uk,fr,0,0.0,8.573195381531523,26.951291926939618,25.93458181646491,18.083473343164187,14.763584412560483
2018,THA,QAT,190531,1270.95,5288,-0.298,506754208404.485,71376079.0,56.8175,183335164835.165,2580734.0,99.6528,0.09293803964068593,uk,fr,0,7.1483064349513805,8.573195381531523,26.951291926939618,25.93458181646491,18.083473343164187,14.763584412560483
2018,THA,QAT,200599,269930.4835,5288,0.145,506754208404.485,71376079.0,56.8175,183335164835.165,2580734.0,99.6528,0.01650305778079968,uk,fr,0,12.505923440961958,8.573195381531523,26.951291926939618,25.93458181646491,18.083473343164187,14.763584412560483
2018,THA,QAT,210390,482198.11,5288,0.421,506754208404.485,71376079.0,56.8175,183335164835.165,2580734.0,99.6528,0.09505627926620136,uk,fr,0,13.08611239902033,8.573195381531523,26.951291926939618,25.93458181646491,18.083473343164187,14.763584412560483
2018,THA,QAT,210690,1557727.7650000001,5288,0.198,506754208404.485,71376079.0,56.8175,183335164835.165,2580734.0,99.6528,0.03387337731622081,uk,fr,0,14.258739398472757,8.573195381531523,26.951291926939618,25.93458181646491,18.083473343164187,14.763584412560483
2018,THA,SAU,020714,0.0,6106,0.823,506754208404.485,71376079.0,56.8175,886564800000.0,30196281.0,93.31,0.019107223017939132,uk,is,0,0.0,8.717027173294824,26.951291926939618,27.510620056235958,18.083473343164187,17.22322932906668
2018,THA,SAU,160100,0.0,6106,-0.231,506754208404.485,71376079.0,56.8175,886564800000.0,30196281.0,93.31,0.14284397521546663,uk,is,0,0.0,8.717027173294824,26.951291926939618,27.510620056235958,18.083473343164187,17.22322932906668
2018,THA,SAU,160232,498786.59,6106,0.287,506754208404.485,71376079.0,56.8175,886564800000.0,30196281.0,93.31,0.1451884846304383,uk,is,0,13.119935612767206,8.717027173294824,26.951291926939618,27.510620056235958,18.083473343164187,17.22322932906668
2018,THA,SAU,040210,0.0,6106,-0.534,506754208404.485,71376079.0,56.8175,886564800000.0,30196281.0,93.31,0.12317562873630454,uk,is,0,0.0,8.717027173294824,26.951291926939618,27.510620056235958,18.083473343164187,17.22322932906668
2018,THA,SAU,190531,1784.46,6106,-0.298,506754208404.485,71376079.0,56.8175,886564800000.0,30196281.0,93.31,0.05264592768427189,uk,is,0,7.487431364095237,8.717027173294824,26.951291926939618,27.510620056235958,18.083473343164187,17.22322932906668
2018,THA,SAU,200599,563842.15,6106,0.145,506754208404.485,71376079.0,56.8175,886564800000.0,30196281.0,93.31,0.023674095960893742,uk,is,0,13.242531388965551,8.717027173294824,26.951291926939618,27.510620056235958,18.083473343164187,17.22322932906668
2018,THA,SAU,210390,482198.11,6106,0.421,506754208404.485,71376079.0,56.8175,886564800000.0,30196281.0,93.31,0.10579262371170195,uk,is,0,13.08611239902033,8.717027173294824,26.951291926939618,27.510620056235958,18.083473343164187,17.22322932906668
2018,THA,SAU,210690,1557727.7650000001,6106,0.198,506754208404.485,71376079.0,56.8175,886564800000.0,30196281.0,93.31,0.07162134912354418,uk,is,0,14.258739398472757,8.717027173294824,26.951291926939618,27.510620056235958,18.083473343164187,17.22322932906668
2018,THA,ARE,020714,1885614.975,4904,0.823,506754208404.485,71376079.0,56.8175,440560108917.631,9346701.0,98.45,0.027085352878269034,uk,uk,1,14.44976510267254,8.497806477616047,26.951291926939618,26.811312729126026,18.083473343164187,16.05053400477963
2018,THA,ARE,160100,0.0,4904,-0.231,506754208404.485,71376079.0,56.8175,440560108917.631,9346701.0,98.45,0.07932476741557781,uk,uk,1,0.0,8.497806477616047,26.951291926939618,26.811312729126026,18.083473343164187,16.05053400477963
2018,THA,ARE,160232,498786.59,4904,0.287,506754208404.485,71376079.0,56.8175,440560108917.631,9346701.0,98.45,0.014814392956130575,uk,uk,1,13.119935612767206,8.497806477616047,26.951291926939618,26.811312729126026,18.083473343164187,16.05053400477963
2018,THA,ARE,040210,0.0,4904,-0.534,506754208404.485,71376079.0,56.8175,440560108917.631,9346701.0,98.45,0.13730485629102948,uk,uk,1,0.0,8.497806477616047,26.951291926939618,26.811312729126026,18.083473343164187,16.05053400477963
2018,THA,ARE,190531,1784.46,4904,-0.298,506754208404.485,71376079.0,56.8175,440560108917.631,9346701.0,98.45,0.04622919742400237,uk,uk,1,7.487431364095237,8.497806477616047,26.951291926939618,26.811312729126026,18.083473343164187,16.05053400477963
2018,THA,ARE,200599,269930.4835,4904,0.145,506754208404.485,71376079.0,56.8175,440560108917.631,9346701.0,98.45,0.10275311980955747,uk,uk,1,12.505923440961958,8.497806477616047,26.951291926939618,26.811312729126026,18.083473343164187,16.05053400477963
2018,THA,ARE,210390,482198.11,4904,0.421,506754208404.485,71376079.0,56.8175,440560108917.631,9346701.0,98.45,0.05363955065251753,uk,uk,1,13.08611239902033,8.497806477616047,26.951291926939618,26.811312729126026,18.083473343164187,16.05053400477963
2018,THA,ARE,210690,1557727.7650000001,4904,0.198,506754208404.485,71376079.0,56.8175,440560108917.631,9346701.0,98.45,0.08280952296489351,uk,uk,1,14.258739398472757,8.497806477616047,26.951291926939618,26.811312729126026,18.083473343164187,16.05053400477963
2019,THA,BHR,020714,1885614.975,5382,0.823,543976691793.886,71522271.0,66.6524,40446808510.6383,1483756.0,99.7015,0.08653943910805914,uk,uk,1,14.44976510267254,8.590815331286851,27.022172236917317,24.423253577724783,18.08551944168111,14.210087268705758
2019,THA,BHR,160100,0.0,5382,-0.231,543976691793.886,71522271.0,66.6524,40446808510.6383,1483756.0,99.7015,0.03587962377357378,uk,uk,1,0.0,8.590815331286851,27.022172236917317,24.423253577724783,18.08551944168111,14.210087268705758
2019,THA,BHR,160232,498786.59,5382,0.287,543976691793.886,71522271.0,66.6524,40446808510.6383,1483756.0,99.7015,0.14574184788703817,uk,uk,1,13.119935612767206,8.590815331286851,27.022172236917317,24.423253577724783,18.08551944168111,14.210087268705758
2019,THA,BHR,040210,0.0,5382,-0.534,543976691793.886,71522271.0,66.6524,40446808510.6383,1483756.0,99.7015,0.11851859527055603,uk,uk,1,0.0,8.590815331286851,27.022172236917317,24.423253577724783,18.08551944168111,14.210087268705758
2019,THA,BHR,190531,1784.46,5382,-0.298,543976691793.886,71522271.0,66.6524,40446808510.6383,1483756.0,99.7015,0.14152985181898647,uk,uk,1,7.487431364095237,8.590815331286851,27.022172236917317,24.423253577724783,18.08551944168111,14.210087268705758
2019,THA,BHR,200599,269930.4835,5382,0.145,543976691793.886,71522271.0,66.6524,40446808510.6383,1483756.0,99.7015,0.13527582905987082,uk,uk,1,12.505923440961958,8.590815331286851,27.022172236917317,24.423253577724783,18.08551944168111,14.210087268705758
2019,THA,BHR,210390,482198.11,5382,0.421,543976691793.886,71522271.0,66.6524,40446808510.6383,1483756.0,99.7015,0.09370599703355191,uk,uk,1,13.08611239902033,8.590815331286851,27.022172236917317,24.423253577724783,18.08551944168111,14.210087268705758
2019,THA,BHR,210690,1557727.7650000001,5382,0.198,543976691793.886,71522271.0,66.6524,40446808510.6383,1483756.0,99.7015,0.13906239290323635,uk,uk,1,14.258739398472757,8.590815331286851,27.022172236917317,24.423253577724783,18.08551944168111,14.210087268705758
2019,THA,KWT,020714,1885614.975,5666,0.823,543976691793.886,71522271.0,66.6524,140856394860.529,4442316.0,99.5427,0.022388950287268727,uk,fr,0,14.44976510267254,8.642238680390461,27.022172236917317,25.671006732158844,18.08551944168111,15.306686420032761
2019,THA,KWT,160100,0.0,5666,-0.231,543976691793.886,71522271.0,66.6524,140856394860.529,4442316.0,99.5427,0.03743760073868033,uk,fr,0,0.0,8.642238680390461,27.022172236917317,25.671006732158844,18.08551944168111,15.306686420032761
2019,THA,KWT,160232,498786.59,5666,0.287,543976691793.886,71522271.0,66.6524,140856394860.529,4442316.0,99.5427,0.016331820447475328,uk,fr,0,13.119935612767206,8.642238680390461,27.022172236917317,25.671006732158844,18.08551944168111,15.306686420032761
2019,THA,KWT,040210,0.0,5666,-0.534,543976691793.886,71522271.0,66.6524,140856394860.529,4442316.0,99.5427,0.055546246306857006,uk,fr,0,0.0,8.642238680390461,27.022172236917317,25.671006732158844,18.08551944168111,15.306686420032761
2019,THA,KWT,190531,1784.46,5666,-0.298,543976691793.886,71522271.0,66.6524,140856394860.529,4442316.0,99.5427,0.06441482055652747,uk,fr,0,7.487431364095237,8.642238680390461,27.022172236917317,25.671006732158844,18.08551944168111,15.306686420032761
2019,THA,KWT,200599,269930.4835,5666,0.145,543976691793.886,71522271.0,66.6524,140856394860.529,4442316.0,99.5427,0.04798886444834542,uk,fr,0,12.505923440961958,8.642238680390461,27.022172236917317,25.671006732158844,18.08551944168111,15.306686420032761
2019,THA,KWT,210390,482198.11,5666,0.421,543976691793.886,71522271.0,66.6524,140856394860.529,4442316.0,99.5427,0.1260232512812701,uk,fr,0,13.08611239902033,8.642238680390461,27.022172236917317,25.671006732158844,18.08551944168111,15.306686420032761
2019,THA,KWT,210690,1557727.7650000001,5666,0.198,543976691793.886,71522271.0,66.6524,140856394860.529,4442316.0,99.5427,0.059945465737102493,uk,fr,0,14.258739398472757,8.642238680390461,27.022172236917317,25.671006732158844,18.08551944168111,15.306686420032761
2019,THA,OMN,020714,1885614.975,4666,0.823,543976691793.886,71522271.0,66.6524,88060858257.4772,4591241.0,90.2594,0.049330831356233305,uk,uk,1,14.44976510267254,8.448057452581375,27.022172236917317,25.20129398350721,18.08551944168111,15.339660915863616
2019,THA,OMN,160100,0.0,4666,-0.231,543976691793.886,71522271.0,66.6524,88060858257.4772,4591241.0,90.2594,0.08597745164215478,uk,uk,1,0.0,8.448057452581375,27.022172236917317,25.20129398350721,18.08551944168111,15.339660915863616
2019,THA,OMN,160232,498786.59,4666,0.287,543976691793.886,71522271.0,66.6524,88060858257.4772,4591241.0,90.2594,0.029729391496466768,uk,uk,1,13.119935612767206,8.448057452581375,27.022172236917317,25.20129398350721,18.08551944168111,15.339660915863616
2019,THA,OMN,040210,0.0,4666,-0.534,543976691793.886,71522271.0,66.6524,88060858257.4772,4591241.0,90.2594,0.12230757730556555,uk,uk,1,0.0,8.448057452581375,27.022172236917317,25.20129398350721,18.08551944168111,15.339660915863616
2019,THA,OMN,190531,1784.46,4666,-0.298,543976691793.886,71522271.0,66.6524,88060858257.4772,4591241.0,90.2594,0.020437090115167915,uk,uk,1,7.487431364095237,8.448057452581375,27.022172236917317,25.20129398350721,18.08551944168111,15.339660915863616
2019,THA,OMN,200599,269930.4835,4666,0.145,543976691793.886,71522271.0,66.6524,88060858257.4772,4591241.0,90.2594,0.1481641711240724,uk,uk,1,12.505923440961958,8.448057452581375,27.022172236917317,25.20129398350721,18.08551944168111,15.339660915863616
2019,THA,OMN,210390,482198.11,4666,0.421,543976691793.886,71522271.0,66.6524,88060858257.4772,4591241.0,90.2594,0.11811426770153202,uk,uk,1,13.08611239902033,8.448057452581375,27.022172236917317,25.20129398350721,18.08551944168111,15.339660915863616
2019,THA,OMN,210690,1557727.7650000001,4666,0.198,543976691793.886,71522271.0,66.6524,88060858257.4772,4591241.0,90.2594,0.03782019541478413,uk,uk,1,14.258739398472757,8.448057452581375,27.022172236917317,25.20129398350721,18.08551944168111,15.339660915863616
2019,THA,QAT,020714,1885614.975,5288,0.823,543976691793.886,71522271.0,66.6524,176371428571.429,2638657.0,99.6528,0.010773096397304336,uk,fr,0,14.44976510267254,8.573195381531523,27.022172236917317,25.895857997850896,18.08551944168111,14.785780633563377
2019,THA,QAT,160100,0.0,5288,-0.231,543976691793.886,71522271.0,66.6524,176371428571.429,2638657.0,99.6528,0.12416459998367677,uk,fr,0,0.0,8.573195381531523,27.022172236917317,25.895857997850896,18.08551944168111,14.785780633563377
2019,THA,QAT,160232,498786.59,5288,0.287,543976691793.886,71522271.0,66.6524,176371428571.429,2638657.0,99.6528,0.10896002813866638,uk,fr,0,13.119935612767206,8.573195381531523,27.022172236917317,25.895857997850896,18.08551944168111,14.785780633563377
2019,THA,QAT,040210,0.0,5288,-0.534,543976691793.886,71522271.0,66.6524,176371428571.429,2638657.0,99.6528,0.11206100352573821,uk,fr,0,0.0,8.573195381531523,27.022172236917317,25.895857997850896,18.08551944168111,14.785780633563377
2019,THA,QAT,190531,1784.46,5288,-0.298,543976691793.886,71522271.0,66.6524,176371428571.429,2638657.0,99.6528,0.1179778485360324,uk,fr,0,7.487431364095237,8.573195381531523,27.022172236917317,25.895857997850896,18.08551944168111,14.785780633563377
2019,THA,QAT,200599,269930.4835,5288,0.145,543976691793.886,71522271.0,66.6524,176371428571.429,2638657.0,99.6528,0.02036625124277265,uk,fr,0,12.505923440961958,8.573195381531523,27.022172236917317,25.895857997850896,18.08551944168111,14.785780633563377
2019,THA,QAT,210390,482198.11,5288,0.421,543976691793.886,71522271.0,66.6524,176371428571.429,2638657.0,99.6528,0.06018520199619816,uk,fr,0,13.08611239902033,8.573195381531523,27.022172236917317,25.895857997850896,18.08551944168111,14.785780633563377
2019,THA,QAT,210690,1557727.7650000001,5288,0.198,543976691793.886,71522271.0,66.6524,176371428571.429,2638657.0,99.6528,0.026221668333518158,uk,fr,0,14.258739398472757,8.573195381531523,27.022172236917317,25.895857997850896,18.08551944168111,14.785780633563377
2019,THA,SAU,020714,1885614.975,6106,0.823,543976691793.886,71522271.0,66.6524,888890133333.333,30063799.0,95.7247,0.13083447962258307,uk,is,0,14.44976510267254,8.717027173294824,27.022172236917317,27.513239480271185,18.08551944168111,17.21883231487594
2019,THA,SAU,160100,0.0,6106,-0.231,543976691793.886,71522271.0,66.6524,888890133333.333,30063799.0,95.7247,0.0972617377558581,uk,is,0,0.0,8.717027173294824,27.022172236917317,27.513239480271185,18.08551944168111,17.21883231487594
2019,THA,SAU,160232,498786.59,6106,0.287,543976691793.886,71522271.0,66.6524,888890133333.333,30063799.0,95.7247,0.056325723479370884,uk,is,0,13.119935612767206,8.717027173294824,27.022172236917317,27.513239480271185,18.08551944168111,17.21883231487594
2019,THA,SAU,040210,0.0,6106,-0.534,543976691793.886,71522271.0,66.6524,888890133333.333,30063799.0,95.7247,0.01889816904004331,uk,is,0,0.0,8.717027173294824,27.022172236917317,27.513239480271185,18.08551944168111,17.21883231487594
2019,THA,SAU,190531,1784.46,6106,-0.298,543976691793.886,71522271.0,66.6524,888890133333.333,30063799.0,95.7247,0.053537525040192706,uk,is,0,7.487431364095237,8.717027173294824,27.022172236917317,27.513239480271185,18.08551944168111,17.21883231487594
2019,THA,SAU,200599,269930.4835,6106,0.145,543976691793.886,71522271.0,66.6524,888890133333.333,30063799.0,95.7247,0.05552566508374458,uk,is,0,12.505923440961958,8.717027173294824,27.022172236917317,27.513239480271185,18.08551944168111,17.21883231487594
2019,THA,SAU,210390,482198.11,6106,0.421,543976691793.886,71522271.0,66.6524,888890133333.333,30063799.0,95.7247,0.11214486496732896,uk,is,0,13.08611239902033,8.717027173294824,27.022172236917317,27.513239480271185,18.08551944168111,17.21883231487594
2019,THA,SAU,210690,1557727.7650000001,6106,0.198,543976691793.886,71522271.0,66.6524,888890133333.333,30063799.0,95.7247,0.09925804598972983,uk,is,0,14.258739398472757,8.717027173294824,27.022172236917317,27.513239480271185,18.08551944168111,17.21883231487594
2019,THA,ARE,020714,1885614.975,4904,0.823,543976691793.886,71522271.0,66.6524,433926208304.969,9445785.0,99.15,0.1342097839606857,uk,uk,1,14.44976510267254,8.497806477616047,27.022172236917317,26.79614032964352,18.08551944168111,16.061079168222147
2019,THA,ARE,160100,0.0,4904,-0.231,543976691793.886,71522271.0,66.6524,433926208304.969,9445785.0,99.15,0.0761100895226729,uk,uk,1,0.0,8.497806477616047,27.022172236917317,26.79614032964352,18.08551944168111,16.061079168222147
2019,THA,ARE,160232,498786.59,4904,0.287,543976691793.886,71522271.0,66.6524,433926208304.969,9445785.0,99.15,0.026743194431362236,uk,uk,1,13.119935612767206,8.497806477616047,27.022172236917317,26.79614032964352,18.08551944168111,16.061079168222147
2019,THA,ARE,040210,0.0,4904,-0.534,543976691793.886,71522271.0,66.6524,433926208304.969,9445785.0,99.15,0.1098542702112193,uk,uk,1,0.0,8.497806477616047,27.022172236917317,26.79614032964352,18.08551944168111,16.061079168222147
2019,THA,ARE,190531,1784.46,4904,-0.298,543976691793.886,71522271.0,66.6524,433926208304.969,9445785.0,99.15,0.11650990680636564,uk,uk,1,7.487431364095237,8.497806477616047,27.022172236917317,26.79614032964352,18.08551944168111,16.061079168222147
2019,THA,ARE,200599,269930.4835,4904,0.145,543976691793.886,71522271.0,66.6524,433926208304.969,9445785.0,99.15,0.08857880765972946,uk,uk,1,12.505923440961958,8.497806477616047,27.022172236917317,26.79614032964352,18.08551944168111,16.061079168222147
2019,THA,ARE,210390,482198.11,4904,0.421,543976691793.886,71522271.0,66.6524,433926208304.969,9445785.0,99.15,0.11793540519363853,uk,uk,1,13.08611239902033,8.497806477616047,27.022172236917317,26.79614032964352,18.08551944168111,16.061079168222147
2019,THA,ARE,210690,1557727.7650000001,4904,0.198,543976691793.886,71522271.0,66.6524,433926208304.969,9445785.0,99.15,0.0791313834910147,uk,uk,1,14.258739398472757,8.497806477616047,27.022172236917317,26.79614032964352,18.08551944168111,16.061079168222147
2020,THA,BHR,020714,1885614.975,5382,0.823,500461898480.246,71641484.0,77.8437,35837632978.7234,1472204.0,99.671,0.08318259611347915,uk,uk,1,14.44976510267254,8.590815331286851,26.938797305891292,24.30226437875169,18.087184849626773,14.202271155625196
2020,THA,BHR,160100,0.0,5382,-0.231,500461898480.246,71641484.0,77.8437,35837632978.7234,1472204.0,99.671,0.06985574257019694,uk,uk,1,0.0,8.590815331286851,26.938797305891292,24.30226437875169,18.087184849626773,14.202271155625196
2020,THA,BHR,160232,498786.59,5382,0.287,500461898480.246,71641484.0,77.8437,35837632978.7234,1472204.0,99.671,0.013558677744173327,uk,uk,1,13.119935612767206,8.590815331286851,26.938797305891292,24.30226437875169,18.087184849626773,14.202271155625196
2020,THA,BHR,040210,0.0,5382,-0.534,500461898480.246,71641484.0,77.8437,35837632978.7234,1472204.0,99.671,0.02510479977906262,uk,uk,1,0.0,8.590815331286851,26.938797305891292,24.30226437875169,18.087184849626773,14.202271155625196
2020,THA,BHR,190531,1784.46,5382,-0.298,500461898480.246,71641484.0,77.8437,35837632978.7234,1472204.0,99.671,0.014400085996142795,uk,uk,1,7.487431364095237,8.590815331286851,26.938797305891292,24.30226437875169,18.087184849626773,14.202271155625196
2020,THA,BHR,200599,269930.4835,5382,0.145,500461898480.246,71641484.0,77.8437,35837632978.7234,1472204.0,99.671,0.09909745757692924,uk,uk,1,12.505923440961958,8.590815331286851,26.938797305891292,24.30226437875169,18.087184849626773,14.202271155625196
2020,THA,BHR,210390,482198.11,5382,0.421,500461898480.246,71641484.0,77.8437,35837632978.7234,1472204.0,99.671,0.05400983735068573,uk,uk,1,13.08611239902033,8.590815331286851,26.938797305891292,24.30226437875169,18.087184849626773,14.202271155625196
2020,THA,BHR,210690,1557727.7650000001,5382,0.198,500461898480.246,71641484.0,77.8437,35837632978.7234,1472204.0,99.671,0.08119989676305837,uk,uk,1,14.258739398472757,8.590815331286851,26.938797305891292,24.30226437875169,18.087184849626773,14.202271155625196
2020,THA,KWT,020714,1885614.975,5666,0.823,500461898480.246,71641484.0,77.8437,111045470605.715,4400267.0,99.1059,0.13705930634965302,uk,fr,0,14.44976510267254,8.642238680390461,26.938797305891292,25.43320559947363,18.087184849626773,15.297175778865604
2020,THA,KWT,160100,0.0,5666,-0.231,500461898480.246,71641484.0,77.8437,111045470605.715,4400267.0,99.1059,0.04490091208084249,uk,fr,0,0.0,8.642238680390461,26.938797305891292,25.43320559947363,18.087184849626773,15.297175778865604
2020,THA,KWT,160232,498786.59,5666,0.287,500461898480.246,71641484.0,77.8437,111045470605.715,4400267.0,99.1059,0.06745360922498815,uk,fr,0,13.119935612767206,8.642238680390461,26.938797305891292,25.43320559947363,18.087184849626773,15.297175778865604
2020,THA,KWT,040210,0.0,5666,-0.534,500461898480.246,71641484.0,77.8437,111045470605.715,4400267.0,99.1059,0.1157771593960268,uk,fr,0,0.0,8.642238680390461,26.938797305891292,25.43320559947363,18.087184849626773,15.297175778865604
2020,THA,KWT,190531,1784.46,5666,-0.298,500461898480.246,71641484.0,77.8437,111045470605.715,4400267.0,99.1059,0.04203174316882714,uk,fr,0,7.487431364095237,8.642238680390461,26.938797305891292,25.43320559947363,18.087184849626773,15.297175778865604
2020,THA,KWT,200599,269930.4835,5666,0.145,500461898480.246,71641484.0,77.8437,111045470605.715,4400267.0,99.1059,0.020777187376031018,uk,fr,0,12.505923440961958,8.642238680390461,26.938797305891292,25.43320559947363,18.087184849626773,15.297175778865604
2020,THA,KWT,210390,482198.11,5666,0.421,500461898480.246,71641484.0,77.8437,111045470605.715,4400267.0,99.1059,0.05056520340792752,uk,fr,0,13.08611239902033,8.642238680390461,26.938797305891292,25.43320559947363,18.087184849626773,15.297175778865604
2020,THA,KWT,210690,1557727.7650000001,5666,0.198,500461898480.246,71641484.0,77.8437,111045470605.715,4400267.0,99.1059,0.03257098021556062,uk,fr,0,14.258739398472757,8.642238680390461,26.938797305891292,25.43320559947363,18.087184849626773,15.297175778865604
2020,THA,OMN,020714,1885614.975,4666,0.823,500461898480.246,71641484.0,77.8437,75909492847.8544,4522497.0,95.2323,0.14015767132796023,uk,uk,1,14.44976510267254,8.448057452581375,26.938797305891292,25.052807583986553,18.087184849626773,15.32457483290145
2020,THA,OMN,160100,0.0,4666,-0.231,500461898480.246,71641484.0,77.8437,75909492847.8544,4522497.0,95.2323,0.12313685313901836,uk,uk,1,0.0,8.448057452581375,26.938797305891292,25.052807583986553,18.087184849626773,15.32457483290145
2020,THA,OMN,160232,498786.59,4666,0.287,500461898480.246,71641484.0,77.8437,75909492847.8544,4522497.0,95.2323,0.09867652591145927,uk,uk,1,13.119935612767206,8.448057452581375,26.938797305891292,25.052807583986553,18.087184849626773,15.32457483290145
2020,THA,OMN,040210,0.0,4666,-0.534,500461898480.246,71641484.0,77.8437,75909492847.8544,4522497.0,95.2323,0.13200448262628048,uk,uk,1,0.0,8.448057452581375,26.938797305891292,25.052807583986553,18.087184849626773,15.32457483290145
2020,THA,OMN,190531,1784.46,4666,-0.298,500461898480.246,71641484.0,77.8437,75909492847.8544,4522497.0,95.2323,0.12251409076587601,uk,uk,1,7.487431364095237,8.448057452581375,26.938797305891292,25.052807583986553,18.087184849626773,15.32457483290145
2020,THA,OMN,200599,269930.4835,4666,0.145,500461898480.246,71641484.0,77.8437,75909492847.8544,4522497.0,95.2323,0.03611980824404502,uk,uk,1,12.505923440961958,8.448057452581375,26.938797305891292,25.052807583986553,18.087184849626773,15.32457483290145
2020,THA,OMN,210390,482198.11,4666,0.421,500461898480.246,71641484.0,77.8437,75909492847.8544,4522497.0,95.2323,0.13495825978859688,uk,uk,1,13.08611239902033,8.448057452581375,26.938797305891292,25.052807583986553,18.087184849626773,15.32457483290145
2020,THA,OMN,210690,1557727.7650000001,4666,0.198,500461898480.246,71641484.0,77.8437,75909492847.8544,4522497.0,95.2323,0.0855079138681911,uk,uk,1,14.258739398472757,8.448057452581375,26.938797305891292,25.052807583986553,18.087184849626773,15.32457483290145
2020,THA,QAT,020714,1465207.915,5288,0.823,500461898480.246,71641484.0,77.8437,144411538461.538,2794148.0,99.6528,0.12304162172296874,uk,fr,0,14.19750839436187,8.573195381531523,26.938797305891292,25.69593296645614,18.087184849626773,14.843037788047544
2020,THA,QAT,160100,0.0,5288,-0.231,500461898480.246,71641484.0,77.8437,144411538461.538,2794148.0,99.6528,0.13545278198928903,uk,fr,0,0.0,8.573195381531523,26.938797305891292,25.69593296645614,18.087184849626773,14.843037788047544
2020,THA,QAT,160232,3681897.747,5288,0.287,500461898480.246,71641484.0,77.8437,144411538461.538,2794148.0,99.6528,0.054520486496060935,uk,fr,0,15.118939140940226,8.573195381531523,26.938797305891292,25.69593296645614,18.087184849626773,14.843037788047544
2020,THA,QAT,040210,0.0,5288,-0.534,500461898480.246,71641484.0,77.8437,144411538461.538,2794148.0,99.6528,0.025407269433874745,uk,fr,0,0.0,8.573195381531523,26.938797305891292,25.69593296645614,18.087184849626773,14.843037788047544
2020,THA,QAT,190531,3375.282,5288,-0.298,500461898480.246,71641484.0,77.8437,144411538461.538,2794148.0,99.6528,0.041910922755871834,uk,fr,0,8.124530383033031,8.573195381531523,26.938797305891292,25.69593296645614,18.087184849626773,14.843037788047544
2020,THA,QAT,200599,155824.0,5288,0.145,500461898480.246,71641484.0,77.8437,144411538461.538,2794148.0,99.6528,0.06979509040767588,uk,fr,0,11.956488861677052,8.573195381531523,26.938797305891292,25.69593296645614,18.087184849626773,14.843037788047544
2020,THA,QAT,210390,482198.11,5288,0.421,500461898480.246,71641484.0,77.8437,144411538461.538,2794148.0,99.6528,0.12452206722914902,uk,fr,0,13.08611239902033,8.573195381531523,26.938797305891292,25.69593296645614,18.087184849626773,14.843037788047544
2020,THA,QAT,210690,1683475.09,5288,0.198,500461898480.246,71641484.0,77.8437,144411538461.538,2794148.0,99.6528,0.13050228165588806,uk,fr,0,14.336371314928206,8.573195381531523,26.938797305891292,25.69593296645614,18.087184849626773,14.843037788047544
2020,THA,SAU,020714,1885614.975,6106,0.823,500461898480.246,71641484.0,77.8437,767951200000.0,31552510.0,97.8623,0.010973298274366699,uk,is,0,14.44976510267254,8.717027173294824,26.938797305891292,27.36699202640856,18.087184849626773,17.26716370004697
2020,THA,SAU,160100,0.0,6106,-0.231,500461898480.246,71641484.0,77.8437,767951200000.0,31552510.0,97.8623,0.08150462236085919,uk,is,0,0.0,8.717027173294824,26.938797305891292,27.36699202640856,18.087184849626773,17.26716370004697
2020,THA,SAU,160232,498786.59,6106,0.287,500461898480.246,71641484.0,77.8437,767951200000.0,31552510.0,97.8623,0.06843754044082906,uk,is,0,13.119935612767206,8.717027173294824,26.938797305891292,27.36699202640856,18.087184849626773,17.26716370004697
2020,THA,SAU,040210,0.0,6106,-0.534,500461898480.246,71641484.0,77.8437,767951200000.0,31552510.0,97.8623,0.04109509346590223,uk,is,0,0.0,8.717027173294824,26.938797305891292,27.36699202640856,18.087184849626773,17.26716370004697
2020,THA,SAU,190531,1784.46,6106,-0.298,500461898480.246,71641484.0,77.8437,767951200000.0,31552510.0,97.8623,0.02678115142671559,uk,is,0,7.487431364095237,8.717027173294824,26.938797305891292,27.36699202640856,18.087184849626773,17.26716370004697
2020,THA,SAU,200599,384036.967,6106,0.145,500461898480.246,71641484.0,77.8437,767951200000.0,31552510.0,97.8623,0.057266123996507906,uk,is,0,12.858496699078144,8.717027173294824,26.938797305891292,27.36699202640856,18.087184849626773,17.26716370004697
2020,THA,SAU,210390,482198.11,6106,0.421,500461898480.246,71641484.0,77.8437,767951200000.0,31552510.0,97.8623,0.14200735854775268,uk,is,0,13.08611239902033,8.717027173294824,26.938797305891292,27.36699202640856,18.087184849626773,17.26716370004697
2020,THA,SAU,210690,4970068.27,6106,0.198,500461898480.246,71641484.0,77.8437,767951200000.0,31552510.0,97.8623,0.05524841048290573,uk,is,0,15.418944335601438,8.717027173294824,26.938797305891292,27.36699202640856,18.087184849626773,17.26716370004697
2020,THA,ARE,020714,1885614.975,4904,0.823,500461898480.246,71641484.0,77.8437,357161878829.135,9401038.0,100.0,0.08263068704407124,uk,uk,1,14.44976510267254,8.497806477616047,26.938797305891292,26.601454958050667,18.087184849626773,16.0563306666757
2020,THA,ARE,160100,0.0,4904,-0.231,500461898480.246,71641484.0,77.8437,357161878829.135,9401038.0,100.0,0.10842265424532489,uk,uk,1,0.0,8.497806477616047,26.938797305891292,26.601454958050667,18.087184849626773,16.0563306666757
2020,THA,ARE,160232,498786.59,4904,0.287,500461898480.246,71641484.0,77.8437,357161878829.135,9401038.0,100.0,0.060908144333101155,uk,uk,1,13.119935612767206,8.497806477616047,26.938797305891292,26.601454958050667,18.087184849626773,16.0563306666757
2020,THA,ARE,040210,875.14,4904,-0.534,500461898480.246,71641484.0,77.8437,357161878829.135,9401038.0,100.0,0.14604949158093447,uk,uk,1,6.775525895518557,8.497806477616047,26.938797305891292,26.601454958050667,18.087184849626773,16.0563306666757
2020,THA,ARE,190531,1784.46,4904,-0.298,500461898480.246,71641484.0,77.8437,357161878829.135,9401038.0,100.0,0.14474262129189555,uk,uk,1,7.487431364095237,8.497806477616047,26.938797305891292,26.601454958050667,18.087184849626773,16.0563306666757
2020,THA,ARE,200599,400069.078,4904,0.145,500461898480.246,71641484.0,77.8437,357161878829.135,9401038.0,100.0,0.045249521415550976,uk,uk,1,12.899395005745268,8.497806477616047,26.938797305891292,26.601454958050667,18.087184849626773,16.0563306666757
2020,THA,ARE,210390,482198.11,4904,0.421,500461898480.246,71641484.0,77.8437,357161878829.135,9401038.0,100.0,0.07961479082493396,uk,uk,1,13.08611239902033,8.497806477616047,26.938797305891292,26.601454958050667,18.087184849626773,16.0563306666757
2020,THA,ARE,210690,49563.302,4904,0.198,500461898480.246,71641484.0,77.8437,357161878829.135,9401038.0,100.0,0.05212296337434775,uk,uk,1,10.811026135849932,8.497806477616047,26.938797305891292,26.601454958050667,18.087184849626773,16.0563306666757
2021,THA,BHR,020714,1885614.975,5382,0.823,506194668789.937,71727332.0,85.2696,40840212765.9574,1504365.0,100.0,0.04987766921284546,uk,uk,1,14.44976510267254,8.590815331286851,26.950187153176486,24.43293303997361,18.08838243237392,14.22388144021861
2021,THA,BHR,160100,93424.904,5382,-0.231,506194668789.937,71727332.0,85.2696,40840212765.9574,1504365.0,100.0,0.015164172629634591,uk,uk,1,11.444923930517735,8.590815331286851,26.950187153176486,24.43293303997361,18.08838243237392,14.22388144021861
2021,THA,BHR,160232,498786.59,5382,0.287,506194668789.937,71727332.0,85.2696,40840212765.9574,1504365.0,100.0,0.09533900675718555,uk,uk,1,13.119935612767206,8.590815331286851,26.950187153176486,24.43293303997361,18.08838243237392,14.22388144021861
2021,THA,BHR,040210,943.788,5382,-0.534,506194668789.937,71727332.0,85.2696,40840212765.9574,1504365.0,100.0,0.08037506325204061,uk,uk,1,6.850960563701731,8.590815331286851,26.950187153176486,24.43293303997361,18.08838243237392,14.22388144021861
2021,THA,BHR,190531,1784.46,5382,-0.298,506194668789.937,71727332.0,85.2696,40840212765.9574,1504365.0,100.0,0.01720702517499851,uk,uk,1,7.487431364095237,8.590815331286851,26.950187153176486,24.43293303997361,18.08838243237392,14.22388144021861
2021,THA,BHR,200599,47410.203,5382,0.145,506194668789.937,71727332.0,85.2696,40840212765.9574,1504365.0,100.0,0.0490105049931256,uk,uk,1,10.766613829967827,8.590815331286851,26.950187153176486,24.43293303997361,18.08838243237392,14.22388144021861
2021,THA,BHR,210390,482198.11,5382,0.421,506194668789.937,71727332.0,85.2696,40840212765.9574,1504365.0,100.0,0.1371572240353315,uk,uk,1,13.08611239902033,8.590815331286851,26.950187153176486,24.43293303997361,18.08838243237392,14.22388144021861
2021,THA,BHR,210690,1431980.44,5382,0.198,506194668789.937,71727332.0,85.2696,40840212765.9574,1504365.0,100.0,0.04353866469337614,uk,uk,1,14.17456966552488,8.590815331286851,26.950187153176486,24.43293303997361,18.08838243237392,14.22388144021861
2021,THA,KWT,020714,1885614.975,5666,0.823,506194668789.937,71727332.0,85.2696,148350671489.144,4360865.0,99.7,0.030285282092771232,uk,fr,0,14.44976510267254,8.642238680390461,26.950187153176486,25.722844710057522,18.08838243237392,15.288180990143045
2021,THA,KWT,160100,0.0,5666,-0.231,506194668789.937,71727332.0,85.2696,148350671489.144,4360865.0,99.7,0.07852338643885881,uk,fr,0,0.0,8.642238680390461,26.950187153176486,25.722844710057522,18.08838243237392,15.288180990143045
2021,THA,KWT,160232,498786.59,5666,0.287,506194668789.937,71727332.0,85.2696,148350671489.144,4360865.0,99.7,0.14799106357548408,uk,fr,0,13.119935612767206,8.642238680390461,26.950187153176486,25.722844710057522,18.08838243237392,15.288180990143045
2021,THA,KWT,040210,0.0,5666,-0.534,506194668789.937,71727332.0,85.2696,148350671489.144,4360865.0,99.7,0.043887738011610056,uk,fr,0,0.0,8.642238680390461,26.950187153176486,25.722844710057522,18.08838243237392,15.288180990143045
2021,THA,KWT,190531,1784.46,5666,-0.298,506194668789.937,71727332.0,85.2696,148350671489.144,4360865.0,99.7,0.10409897663682299,uk,fr,0,7.487431364095237,8.642238680390461,26.950187153176486,25.722844710057522,18.08838243237392,15.288180990143045
2021,THA,KWT,200599,130853.689,5666,0.145,506194668789.937,71727332.0,85.2696,148350671489.144,4360865.0,99.7,0.11662674614602045,uk,fr,0,11.781842742241723,8.642238680390461,26.950187153176486,25.722844710057522,18.08838243237392,15.288180990143045
2021,THA,KWT,210390,482198.11,5666,0.421,506194668789.937,71727332.0,85.2696,148350671489.144,4360865.0,99.7,0.043269256158935954,uk,fr,0,13.08611239902033,8.642238680390461,26.950187153176486,25.722844710057522,18.08838243237392,15.288180990143045
2021,THA,KWT,210690,1557727.7650000001,5666,0.198,506194668789.937,71727332.0,85.2696,148350671489.144,4360865.0,99.7,0.11195028880566033,uk,fr,0,14.258739398472757,8.642238680390461,26.950187153176486,25.722844710057522,18.08838243237392,15.288180990143045
2021,THA,OMN,020714,1885614.975,4666,0.823,506194668789.937,71727332.0,85.2696,87323797139.1417,4500424.0,95.2388,0.06148963858069545,uk,uk,1,14.44976510267254,8.448057452581375,26.950187153176486,25.19288885301414,18.08838243237392,15.319682172524136
2021,THA,OMN,160100,0.0,4666,-0.231,506194668789.937,71727332.0,85.2696,87323797139.1417,4500424.0,95.2388,0.09852281628310111,uk,uk,1,0.0,8.448057452581375,26.950187153176486,25.19288885301414,18.08838243237392,15.319682172524136
2021,THA,OMN,160232,498786.59,4666,0.287,506194668789.937,71727332.0,85.2696,87323797139.1417,4500424.0,95.2388,0.09869415950652526,uk,uk,1,13.119935612767206,8.448057452581375,26.950187153176486,25.19288885301414,18.08838243237392,15.319682172524136
2021,THA,OMN,040210,0.0,4666,-0.534,506194668789.937,71727332.0,85.2696,87323797139.1417,4500424.0,95.2388,0.08500845577046617,uk,uk,1,0.0,8.448057452581375,26.950187153176486,25.19288885301414,18.08838243237392,15.319682172524136
2021,THA,OMN,190531,1784.46,4666,-0.298,506194668789.937,71727332.0,85.2696,87323797139.1417,4500424.0,95.2388,0.02264056780761716,uk,uk,1,7.487431364095237,8.448057452581375,26.950187153176486,25.19288885301414,18.08838243237392,15.319682172524136
2021,THA,OMN,200599,269930.4835,4666,0.145,506194668789.937,71727332.0,85.2696,87323797139.1417,4500424.0,95.2388,0.1269423493824933,uk,uk,1,12.505923440961958,8.448057452581375,26.950187153176486,25.19288885301414,18.08838243237392,15.319682172524136
2021,THA,OMN,210390,482198.11,4666,0.421,506194668789.937,71727332.0,85.2696,87323797139.1417,4500424.0,95.2388,0.054909209096043014,uk,uk,1,13.08611239902033,8.448057452581375,26.950187153176486,25.19288885301414,18.08838243237392,15.319682172524136
2021,THA,OMN,210690,1557727.7650000001,4666,0.198,506194668789.937,71727332.0,85.2696,87323797139.1417,4500424.0,95.2388,0.03611259145597959,uk,uk,1,14.258739398472757,8.448057452581375,26.950187153176486,25.19288885301414,18.08838243237392,15.319682172524136
2021,THA,QAT,020714,1885614.975,5288,0.823,506194668789.937,71727332.0,85.2696,179732142857.143,2504910.0,99.6528,0.01570851981766695,uk,fr,0,14.44976510267254,8.573195381531523,26.950187153176486,25.914733484285154,18.08838243237392,14.733763363711958
2021,THA,QAT,160100,0.0,5288,-0.231,506194668789.937,71727332.0,85.2696,179732142857.143,2504910.0,99.6528,0.09272501204635385,uk,fr,0,0.0,8.573195381531523,26.950187153176486,25.914733484285154,18.08838243237392,14.733763363711958
2021,THA,QAT,160232,498786.59,5288,0.287,506194668789.937,71727332.0,85.2696,179732142857.143,2504910.0,99.6528,0.10485901065791953,uk,fr,0,13.119935612767206,8.573195381531523,26.950187153176486,25.914733484285154,18.08838243237392,14.733763363711958
2021,THA,QAT,040210,0.0,5288,-0.534,506194668789.937,71727332.0,85.2696,179732142857.143,2504910.0,99.6528,0.012322296049899862,uk,fr,0,0.0,8.573195381531523,26.950187153176486,25.914733484285154,18.08838243237392,14.733763363711958
2021,THA,QAT,190531,1784.46,5288,-0.298,506194668789.937,71727332.0,85.2696,179732142857.143,2504910.0,99.6528,0.08169302816189933,uk,fr,0,7.487431364095237,8.573195381531523,26.950187153176486,25.914733484285154,18.08838243237392,14.733763363711958
2021,THA,QAT,200599,269930.4835,5288,0.145,506194668789.937,71727332.0,85.2696,179732142857.143,2504910.0,99.6528,0.04170940852771131,uk,fr,0,12.505923440961958,8.573195381531523,26.950187153176486,25.914733484285154,18.08838243237392,14.733763363711958
2021,THA,QAT,210390,482198.11,5288,0.421,506194668789.937,71727332.0,85.2696,179732142857.143,2504910.0,99.6528,0.10032419065732297,uk,fr,0,13.08611239902033,8.573195381531523,26.950187153176486,25.914733484285154,18.08838243237392,14.733763363711958
2021,THA,QAT,210690,1557727.7650000001,5288,0.198,506194668789.937,71727332.0,85.2696,179732142857.143,2504910.0,99.6528,0.0344113000606988,uk,fr,0,14.258739398472757,8.573195381531523,26.950187153176486,25.914733484285154,18.08838243237392,14.733763363711958
2021,THA,SAU,020714,1885614.975,6106,0.823,506194668789.937,71727332.0,85.2696,982661066666.667,30784383.0,100.0,0.10673128333434523,uk,is,0,14.44976510267254,8.717027173294824,26.950187153176486,27.613530102792456,18.08838243237392,17.242518073898243
2021,THA,SAU,160100,0.0,6106,-0.231,506194668789.937,71727332.0,85.2696,982661066666.667,30784383.0,100.0,0.06414294848207523,uk,is,0,0.0,8.717027173294824,26.950187153176486,27.613530102792456,18.08838243237392,17.242518073898243
2021,THA,SAU,160232,498786.59,6106,0.287,506194668789.937,71727332.0,85.2696,982661066666.667,30784383.0,100.0,0.14114219842314282,uk,is,0,13.119935612767206,8.717027173294824,26.950187153176486,27.613530102792456,18.08838243237392,17.242518073898243
2021,THA,SAU,040210,0.0,6106,-0.534,506194668789.937,71727332.0,85.2696,982661066666.667,30784383.0,100.0,0.029252932180439055,uk,is,0,0.0,8.717027173294824,26.950187153176486,27.613530102792456,18.08838243237392,17.242518073898243
2021,THA,SAU,190531,1784.46,6106,-0.298,506194668789.937,71727332.0,85.2696,982661066666.667,30784383.0,100.0,0.057749289147036184,uk,is,0,7.487431364095237,8.717027173294824,26.950187153176486,27.613530102792456,18.08838243237392,17.242518073898243
2021,THA,SAU,200599,269930.4835,6106,0.145,506194668789.937,71727332.0,85.2696,982661066666.667,30784383.0,100.0,0.02588629297368247,uk,is,0,12.505923440961958,8.717027173294824,26.950187153176486,27.613530102792456,18.08838243237392,17.242518073898243
2021,THA,SAU,210390,482198.11,6106,0.421,506194668789.937,71727332.0,85.2696,982661066666.667,30784383.0,100.0,0.1394571065589988,uk,is,0,13.08611239902033,8.717027173294824,26.950187153176486,27.613530102792456,18.08838243237392,17.242518073898243
2021,THA,SAU,210690,1557727.7650000001,6106,0.198,506194668789.937,71727332.0,85.2696,982661066666.667,30784383.0,100.0,0.13282750947333732,uk,is,0,14.258739398472757,8.717027173294824,26.950187153176486,27.613530102792456,18.08838243237392,17.242518073898243
2021,THA,ARE,020714,1885614.975,4904,0.823,506194668789.937,71727332.0,85.2696,422441388699.796,9575152.0,100.0,0.04611182788012178,uk,uk,1,14.44976510267254,8.497806477616047,26.950187153176486,26.769316549149544,18.08838243237392,16.074681967578613
2021,THA,ARE,160100,0.0,4904,-0.231,506194668789.937,71727332.0,85.2696,422441388699.796,9575152.0,100.0,0.10239776644478506,uk,uk,1,0.0,8.497806477616047,26.950187153176486,26.769316549149544,18.08838243237392,16.074681967578613
2021,THA,ARE,160232,498786.59,4904,0.287,506194668789.937,71727332.0,85.2696,422441388699.796,9575152.0,100.0,0.12441110802817021,uk,uk,1,13.119935612767206,8.497806477616047,26.950187153176486,26.769316549149544,18.08838243237392,16.074681967578613
2021,THA,ARE,040210,0.0,4904,-0.534,506194668789.937,71727332.0,85.2696,422441388699.796,9575152.0,100.0,0.08772811362392471,uk,uk,1,0.0,8.497806477616047,26.950187153176486,26.769316549149544,18.08838243237392,16.074681967578613
2021,THA,ARE,190531,1784.46,4904,-0.298,506194668789.937,71727332.0,85.2696,422441388699.796,9575152.0,100.0,0.0841510809698409,uk,uk,1,7.487431364095237,8.497806477616047,26.950187153176486,26.769316549149544,18.08838243237392,16.074681967578613
2021,THA,ARE,200599,269930.4835,4904,0.145,506194668789.937,71727332.0,85.2696,422441388699.796,9575152.0,100.0,0.04385932072606323,uk,uk,1,12.505923440961958,8.497806477616047,26.950187153176486,26.769316549149544,18.08838243237392,16.074681967578613
2021,THA,ARE,210390,482198.11,4904,0.421,506194668789.937,71727332.0,85.2696,422441388699.796,9575152.0,100.0,0.023034387492825888,uk,uk,1,13.08611239902033,8.497806477616047,26.950187153176486,26.769316549149544,18.08838243237392,16.074681967578613
2021,THA,ARE,210690,1557727.7650000001,4904,0.198,506194668789.937,71727332.0,85.2696,422441388699.796,9575152.0,100.0,0.13561020611346572,uk,uk,1,14.258739398472757,8.497806477616047,26.950187153176486,26.769316549149544,18.08838243237392,16.074681967578613
2022,THA,BHR,020714,1885614.975,5382,0.823,495644697587.661,71735329.0,87.9772,46458191489.3617,1524693.0,100.0,0.13605852800286625,uk,uk,1,14.44976510267254,8.590815331286851,26.929125171471718,24.56181863734424,18.088493917828778,14.237303636282364
2022,THA,BHR,160100,0.0,5382,-0.231,495644697587.661,71735329.0,87.9772,46458191489.3617,1524693.0,100.0,0.09863420401825751,uk,uk,1,0.0,8.590815331286851,26.929125171471718,24.56181863734424,18.088493917828778,14.237303636282364
2022,THA,BHR,160232,498786.59,5382,0.287,495644697587.661,71735329.0,87.9772,46458191489.3617,1524693.0,100.0,0.05746417074681809,uk,uk,1,13.119935612767206,8.590815331286851,26.929125171471718,24.56181863734424,18.088493917828778,14.237303636282364
2022,THA,BHR,040210,0.0,5382,-0.534,495644697587.661,71735329.0,87.9772,46458191489.3617,1524693.0,100.0,0.05888934044577252,uk,uk,1,0.0,8.590815331286851,26.929125171471718,24.56181863734424,18.088493917828778,14.237303636282364
2022,THA,BHR,190531,1784.46,5382,-0.298,495644697587.661,71735329.0,87.9772,46458191489.3617,1524693.0,100.0,0.1116337950418335,uk,uk,1,7.487431364095237,8.590815331286851,26.929125171471718,24.56181863734424,18.088493917828778,14.237303636282364
2022,THA,BHR,200599,269930.4835,5382,0.145,495644697587.661,71735329.0,87.9772,46458191489.3617,1524693.0,100.0,0.13559543639336077,uk,uk,1,12.505923440961958,8.590815331286851,26.929125171471718,24.56181863734424,18.088493917828778,14.237303636282364
2022,THA,BHR,210390,482198.11,5382,0.421,495644697587.661,71735329.0,87.9772,46458191489.3617,1524693.0,100.0,0.1341920993971164,uk,uk,1,13.08611239902033,8.590815331286851,26.929125171471718,24.56181863734424,18.088493917828778,14.237303636282364
2022,THA,BHR,210690,1557727.7650000001,5382,0.198,495644697587.661,71735329.0,87.9772,46458191489.3617,1524693.0,100.0,0.11918257642006733,uk,uk,1,14.258739398472757,8.590815331286851,26.929125171471718,24.56181863734424,18.088493917828778,14.237303636282364
2022,THA,KWT,020714,1885614.975,5666,0.823,495644697587.661,71735329.0,87.9772,183502046693.878,4589643.0,99.7237,0.09988443046160028,uk,fr,0,14.44976510267254,8.642238680390461,26.929125171471718,25.935491658023945,18.088493917828778,15.339312801234103
2022,THA,KWT,160100,0.0,5666,-0.231,495644697587.661,71735329.0,87.9772,183502046693.878,4589643.0,99.7237,0.021779595099306836,uk,fr,0,0.0,8.642238680390461,26.929125171471718,25.935491658023945,18.088493917828778,15.339312801234103
2022,THA,KWT,160232,498786.59,5666,0.287,495644697587.661,71735329.0,87.9772,183502046693.878,4589643.0,99.7237,0.03262801997324592,uk,fr,0,13.119935612767206,8.642238680390461,26.929125171471718,25.935491658023945,18.088493917828778,15.339312801234103
2022,THA,KWT,040210,0.0,5666,-0.534,495644697587.661,71735329.0,87.9772,183502046693.878,4589643.0,99.7237,0.13579758639379108,uk,fr,0,0.0,8.642238680390461,26.929125171471718,25.935491658023945,18.088493917828778,15.339312801234103
2022,THA,KWT,190531,1784.46,5666,-0.298,495644697587.661,71735329.0,87.9772,183502046693.878,4589643.0,99.7237,0.09490006835234258,uk,fr,0,7.487431364095237,8.642238680390461,26.929125171471718,25.935491658023945,18.088493917828778,15.339312801234103
2022,THA,KWT,200599,269930.4835,5666,0.145,495644697587.661,71735329.0,87.9772,183502046693.878,4589643.0,99.7237,0.01128758722632815,uk,fr,0,12.505923440961958,8.642238680390461,26.929125171471718,25.935491658023945,18.088493917828778,15.339312801234103
2022,THA,KWT,210390,482198.11,5666,0.421,495644697587.661,71735329.0,87.9772,183502046693.878,4589643.0,99.7237,0.024206016001244494,uk,fr,0,13.08611239902033,8.642238680390461,26.929125171471718,25.935491658023945,18.088493917828778,15.339312801234103
2022,THA,KWT,210690,1557727.7650000001,5666,0.198,495644697587.661,71735329.0,87.9772,183502046693.878,4589643.0,99.7237,0.1028902476751278,uk,fr,0,14.258739398472757,8.642238680390461,26.929125171471718,25.935491658023945,18.088493917828778,15.339312801234103
2022,THA,OMN,020714,1885614.975,4666,0.823,495644697587.661,71735329.0,87.9772,109852795838.752,4730226.0,95.2453,0.010708621738470616,uk,uk,1,14.44976510267254,8.448057452581375,26.929125171471718,25.422407086875562,18.088493917828778,15.369483539453531
2022,THA,OMN,160100,0.0,4666,-0.231,495644697587.661,71735329.0,87.9772,109852795838.752,4730226.0,95.2453,0.03251312719844981,uk,uk,1,0.0,8.448057452581375,26.929125171471718,25.422407086875562,18.088493917828778,15.369483539453531
2022,THA,OMN,160232,498786.59,4666,0.287,495644697587.661,71735329.0,87.9772,109852795838.752,4730226.0,95.2453,0.08682273051132205,uk,uk,1,13.119935612767206,8.448057452581375,26.929125171471718,25.422407086875562,18.088493917828778,15.369483539453531
2022,THA,OMN,040210,0.0,4666,-0.534,495644697587.661,71735329.0,87.9772,109852795838.752,4730226.0,95.2453,0.10686532767697704,uk,uk,1,0.0,8.448057452581375,26.929125171471718,25.422407086875562,18.088493917828778,15.369483539453531
2022,THA,OMN,190531,1784.46,4666,-0.298,495644697587.661,71735329.0,87.9772,109852795838.752,4730226.0,95.2453,0.10127457633036406,uk,uk,1,7.487431364095237,8.448057452581375,26.929125171471718,25.422407086875562,18.088493917828778,15.369483539453531
2022,THA,OMN,200599,269930.4835,4666,0.145,495644697587.661,71735329.0,87.9772,109852795838.752,4730226.0,95.2453,0.04139770332447837,uk,uk,1,12.505923440961958,8.448057452581375,26.929125171471718,25.422407086875562,18.088493917828778,15.369483539453531
2022,THA,OMN,210390,482198.11,4666,0.421,495644697587.661,71735329.0,87.9772,109852795838.752,4730226.0,95.2453,0.10970509098865501,uk,uk,1,13.08611239902033,8.448057452581375,26.929125171471718,25.422407086875562,18.088493917828778,15.369483539453531
2022,THA,OMN,210690,1557727.7650000001,4666,0.198,495644697587.661,71735329.0,87.9772,109852795838.752,4730226.0,95.2453,0.043214872249552005,uk,uk,1,14.258739398472757,8.448057452581375,26.929125171471718,25.422407086875562,18.088493917828778,15.369483539453531
2022,THA,QAT,020714,1885614.975,5288,0.823,495644697587.661,71735329.0,87.9772,235709340659.341,2657333.0,99.6528,0.055555957742297477,uk,fr,0,14.44976510267254,8.573195381531523,26.929125171471718,26.185865275544685,18.088493917828778,14.792833546207667
2022,THA,QAT,160100,0.0,5288,-0.231,495644697587.661,71735329.0,87.9772,235709340659.341,2657333.0,99.6528,0.11450879671652336,uk,fr,0,0.0,8.573195381531523,26.929125171471718,26.185865275544685,18.088493917828778,14.792833546207667
2022,THA,QAT,160232,498786.59,5288,0.287,495644697587.661,71735329.0,87.9772,235709340659.341,2657333.0,99.6528,0.10094860586661004,uk,fr,0,13.119935612767206,8.573195381531523,26.929125171471718,26.185865275544685,18.088493917828778,14.792833546207667
2022,THA,QAT,040210,0.0,5288,-0.534,495644697587.661,71735329.0,87.9772,235709340659.341,2657333.0,99.6528,0.1288912774691849,uk,fr,0,0.0,8.573195381531523,26.929125171471718,26.185865275544685,18.088493917828778,14.792833546207667
2022,THA,QAT,190531,1784.46,5288,-0.298,495644697587.661,71735329.0,87.9772,235709340659.341,2657333.0,99.6528,0.10206580492204806,uk,fr,0,7.487431364095237,8.573195381531523,26.929125171471718,26.185865275544685,18.088493917828778,14.792833546207667
2022,THA,QAT,200599,269930.4835,5288,0.145,495644697587.661,71735329.0,87.9772,235709340659.341,2657333.0,99.6528,0.08956320446696601,uk,fr,0,12.505923440961958,8.573195381531523,26.929125171471718,26.185865275544685,18.088493917828778,14.792833546207667
2022,THA,QAT,210390,482198.11,5288,0.421,495644697587.661,71735329.0,87.9772,235709340659.341,2657333.0,99.6528,0.023114467495932947,uk,fr,0,13.08611239902033,8.573195381531523,26.929125171471718,26.185865275544685,18.088493917828778,14.792833546207667
2022,THA,QAT,210690,1557727.7650000001,5288,0.198,495644697587.661,71735329.0,87.9772,235709340659.341,2657333.0,99.6528,0.06148021242832069,uk,fr,0,14.258739398472757,8.573195381531523,26.929125171471718,26.185865275544685,18.088493917828778,14.792833546207667
2022,THA,SAU,020714,1885614.975,6106,0.823,495644697587.661,71735329.0,87.9772,1239075200000.0,32175224.0,100.0,0.04712833147544156,uk,is,0,14.44976510267254,8.717027173294824,26.929125171471718,27.845386410841893,18.088493917828778,17.286707273349194
2022,THA,SAU,160100,0.0,6106,-0.231,495644697587.661,71735329.0,87.9772,1239075200000.0,32175224.0,100.0,0.0441585500730717,uk,is,0,0.0,8.717027173294824,26.929125171471718,27.845386410841893,18.088493917828778,17.286707273349194
2022,THA,SAU,160232,498786.59,6106,0.287,495644697587.661,71735329.0,87.9772,1239075200000.0,32175224.0,100.0,0.14622147766534238,uk,is,0,13.119935612767206,8.717027173294824,26.929125171471718,27.845386410841893,18.088493917828778,17.286707273349194
2022,THA,SAU,040210,0.0,6106,-0.534,495644697587.661,71735329.0,87.9772,1239075200000.0,32175224.0,100.0,0.06503368145334645,uk,is,0,0.0,8.717027173294824,26.929125171471718,27.845386410841893,18.088493917828778,17.286707273349194
2022,THA,SAU,190531,1784.46,6106,-0.298,495644697587.661,71735329.0,87.9772,1239075200000.0,32175224.0,100.0,0.13488651772479585,uk,is,0,7.487431364095237,8.717027173294824,26.929125171471718,27.845386410841893,18.088493917828778,17.286707273349194
2022,THA,SAU,200599,269930.4835,6106,0.145,495644697587.661,71735329.0,87.9772,1239075200000.0,32175224.0,100.0,0.0983594076396168,uk,is,0,12.505923440961958,8.717027173294824,26.929125171471718,27.845386410841893,18.088493917828778,17.286707273349194
2022,THA,SAU,210390,482198.11,6106,0.421,495644697587.661,71735329.0,87.9772,1239075200000.0,32175224.0,100.0,0.12127358249583077,uk,is,0,13.08611239902033,8.717027173294824,26.929125171471718,27.845386410841893,18.088493917828778,17.286707273349194
2022,THA,SAU,210690,1557727.7650000001,6106,0.198,495644697587.661,71735329.0,87.9772,1239075200000.0,32175224.0,100.0,0.0803691930347269,uk,is,0,14.258739398472757,8.717027173294824,26.929125171471718,27.845386410841893,18.088493917828778,17.286707273349194
2022,THA,ARE,020714,1885614.975,4904,0.823,495644697587.661,71735329.0,87.9772,511403403675.97,10074977.0,100.0,0.09076654384769027,uk,uk,1,14.44976510267254,8.497806477616047,26.929125171471718,26.960424555385515,18.088493917828778,16.125565382916005
2022,THA,ARE,160100,0.0,4904,-0.231,495644697587.661,71735329.0,87.9772,511403403675.97,10074977.0,100.0,0.07895247713464094,uk,uk,1,0.0,8.497806477616047,26.929125171471718,26.960424555385515,18.088493917828778,16.125565382916005
2022,THA,ARE,160232,498786.59,4904,0.287,495644697587.661,71735329.0,87.9772,511403403675.97,10074977.0,100.0,0.03733401829172623,uk,uk,1,13.119935612767206,8.497806477616047,26.929125171471718,26.960424555385515,18.088493917828778,16.125565382916005
2022,THA,ARE,040210,0.0,4904,-0.534,495644697587.661,71735329.0,87.9772,511403403675.97,10074977.0,100.0,0.11114329613661074,uk,uk,1,0.0,8.497806477616047,26.929125171471718,26.960424555385515,18.088493917828778,16.125565382916005
2022,THA,ARE,190531,1784.46,4904,-0.298,495644697587.661,71735329.0,87.9772,511403403675.97,10074977.0,100.0,0.04930813074171981,uk,uk,1,7.487431364095237,8.497806477616047,26.929125171471718,26.960424555385515,18.088493917828778,16.125565382916005
2022,THA,ARE,200599,269930.4835,4904,0.145,495644697587.661,71735329.0,87.9772,511403403675.97,10074977.0,100.0,0.013404235300403538,uk,uk,1,12.505923440961958,8.497806477616047,26.929125171471718,26.960424555385515,18.088493917828778,16.125565382916005
2022,THA,ARE,210390,342.681,4904,0.421,495644697587.661,71735329.0,87.9772,511403403675.97,10074977.0,100.0,0.10036612142700349,uk,uk,1,5.839713901559638,8.497806477616047,26.929125171471718,26.960424555385515,18.088493917828778,16.125565382916005
2022,THA,ARE,210690,1557727.7650000001,4904,0.198,495644697587.661,71735329.0,87.9772,511403403675.97,10074977.0,100.0,0.034795495116986846,uk,uk,1,14.258739398472757,8.497806477616047,26.929125171471718,26.960424555385515,18.088493917828778,16.125565382916005
